Workbook

Sheet Tonghopdiem
B1: A | C1: B | D1: C | E1: D | F1: E | G1: F | H1: G | I1: H | J1: I | K1: J | L1: K
A2: 1 | C2: ĐIỂM THI HK1-2018-2019
A3: 2 | C3: Ma CB | D3: 1043 | E3: Ho va ten | G3: Nguyễn Minh Trung
A4: 3 | C4: Ma MH | D4: CT428 | E4: Ma NH | G4: 8
A5: 4 | C5: Nam hoc | D5: 2020-2021 | E5: Hoc ky | G5: 1
A6: 5
A7: 6 | B7: S T T | C7: Mã SV | D7: Họ và Tên | E7: Điểm TH 1 | F7: Điểm TH 2 | G7: Điểm TH 3 | H7: Điểm BT lớn | I7: Điểm LT | J7: Điểm tổng | K7: Điểm theo thang điểm 10 | L7: Điểm chữ
A8: 7 | B8: 1 | C8: 0B1505719 | D8: =VLOOKUP(RIGHT(Tonghopdiem!C8,8),'Cacbangthamchieu&thongke'!$C$18:$D$31,2,0) -> Nguyễn Văn Hiếu | E8: =VLOOKUP(RIGHT(C8,8),Diemthuchanhcacbuoi!$B$3:$D$16,3,0) -> 0.45 | F8: =VLOOKUP(RIGHT(C8,8),Diemthuchanhcacbuoi!$B$3:$E$16,4,0) -> 0.25 | G8: =VLOOKUP(RIGHT(C8,8),Diemthuchanhcacbuoi!$B$3:$F$16,5,0) -> 0.3 | H8: =VLOOKUP(RIGHT(C8,8),Diembaitaplon!$B$3:$D$16,3,0) -> 0.5 | I8: =VLOOKUP(RIGHT(C8,8),Diemlithuyet!$B$3:$D$16,3,0) -> 4.2 | J8: =IF(I8=-3,0,E8+F8+G8+H8+0.6*I8) -> 4.02 | K8: =IF(OR(H8=0,VALUE(LEFT(C8,1))>2),0,ROUND(J8+VLOOKUP(VALUE(LEFT(Tonghopdiem!C8,1)),'Cacbangthamchieu&thongke'!$F$4:$G$6,2,FALSE),1)) -> 5 | L8: =VLOOKUP(K8,'Cacbangthamchieu&thongke'!$B$4:$C$11,2,TRUE) -> D+
A9: 8 | B9: 2 | C9: 1B1505915 | D9: =VLOOKUP(RIGHT(Tonghopdiem!C9,8),'Cacbangthamchieu&thongke'!$C$18:$D$31,2,0) -> Lý Minh Trí | E9: =VLOOKUP(RIGHT(C9,8),Diemthuchanhcacbuoi!$B$3:$D$16,3,0) -> 0.5 | F9: =VLOOKUP(RIGHT(C9,8),Diemthuchanhcacbuoi!$B$3:$E$16,4,0) -> 0.35 | G9: =VLOOKUP(RIGHT(C9,8),Diemthuchanhcacbuoi!$B$3:$F$16,5,0) -> 0.4 | H9: =VLOOKUP(RIGHT(C9,8),Diembaitaplon!$B$3:$D$16,3,0) -> 1 | I9: =VLOOKUP(RIGHT(C9,8),Diemlithuyet!$B$3:$D$16,3,0) -> 5.8 | J9: =IF(I9=-3,0,E9+F9+G9+H9+0.6*I9) -> 5.73 | K9: =IF(OR(H9=0,VALUE(LEFT(C9,1))>2),0,ROUND(J9+VLOOKUP(VALUE(LEFT(Tonghopdiem!C9,1)),'Cacbangthamchieu&thongke'!$F$4:$G$6,2,FALSE),1)) -> 6.2 | L9: =VLOOKUP(K9,'Cacbangthamchieu&thongke'!$B$4:$C$11,2,TRUE) -> C
A10: 9 | B10: 3 | C10: 0B1509874 | D10: =VLOOKUP(RIGHT(Tonghopdiem!C10,8),'Cacbangthamchieu&thongke'!$C$18:$D$31,2,0) -> Nguyễn Kiều Mi | E10: =VLOOKUP(RIGHT(C10,8),Diemthuchanhcacbuoi!$B$3:$D$16,3,0) -> 0.25 | F10: =VLOOKUP(RIGHT(C10,8),Diemthuchanhcacbuoi!$B$3:$E$16,4,0) -> 0.25 | G10: =VLOOKUP(RIGHT(C10,8),Diemthuchanhcacbuoi!$B$3:$F$16,5,0) -> 0.3 | H10: =VLOOKUP(RIGHT(C10,8),Diembaitaplon!$B$3:$D$16,3,0) -> 0.5 | I10: =VLOOKUP(RIGHT(C10,8),Diemlithuyet!$B$3:$D$16,3,0) -> 5.8 | J10: =IF(I10=-3,0,E10+F10+G10+H10+0.6*I10) -> 4.78 | K10: =IF(OR(H10=0,VALUE(LEFT(C10,1))>2),0,ROUND(J10+VLOOKUP(VALUE(LEFT(Tonghopdiem!C10,1)),'Cacbangthamchieu&thongke'!$F$4:$G$6,2,FALSE),1)) -> 5.8 | L10: =VLOOKUP(K10,'Cacbangthamchieu&thongke'!$B$4:$C$11,2,TRUE) -> C
A11: 10 | B11: 4 | C11: 0B1509929 | D11: =VLOOKUP(RIGHT(Tonghopdiem!C11,8),'Cacbangthamchieu&thongke'!$C$18:$D$31,2,0) -> Đặng Duy Linh | E11: =VLOOKUP(RIGHT(C11,8),Diemthuchanhcacbuoi!$B$3:$D$16,3,0) -> 0.4 | F11: =VLOOKUP(RIGHT(C11,8),Diemthuchanhcacbuoi!$B$3:$E$16,4,0) -> 0.25 | G11: =VLOOKUP(RIGHT(C11,8),Diemthuchanhcacbuoi!$B$3:$F$16,5,0) -> 0.35 | H11: =VLOOKUP(RIGHT(C11,8),Diembaitaplon!$B$3:$D$16,3,0) -> 1 | I11: =VLOOKUP(RIGHT(C11,8),Diemlithuyet!$B$3:$D$16,3,0) -> 4.5 | J11: =IF(I11=-3,0,E11+F11+G11+H11+0.6*I11) -> 4.7 | K11: =IF(OR(H11=0,VALUE(LEFT(C11,1))>2),0,ROUND(J11+VLOOKUP(VALUE(LEFT(Tonghopdiem!C11,1)),'Cacbangthamchieu&thongke'!$F$4:$G$6,2,FALSE),1)) -> 5.7 | L11: =VLOOKUP(K11,'Cacbangthamchieu&thongke'!$B$4:$C$11,2,TRUE) -> C
A12: 11 | B12: 5 | C12: 2B1605223 | D12: =VLOOKUP(RIGHT(Tonghopdiem!C12,8),'Cacbangthamchieu&thongke'!$C$18:$D$31,2,0) -> Lê Thị Trúc Linh | E12: =VLOOKUP(RIGHT(C12,8),Diemthuchanhcacbuoi!$B$3:$D$16,3,0) -> 0.45 | F12: =VLOOKUP(RIGHT(C12,8),Diemthuchanhcacbuoi!$B$3:$E$16,4,0) -> 0.4 | G12: =VLOOKUP(RIGHT(C12,8),Diemthuchanhcacbuoi!$B$3:$F$16,5,0) -> 0.35 | H12: =VLOOKUP(RIGHT(C12,8),Diembaitaplon!$B$3:$D$16,3,0) -> 0.75 | I12: =VLOOKUP(RIGHT(C12,8),Diemlithuyet!$B$3:$D$16,3,0) -> 5.5 | J12: =IF(I12=-3,0,E12+F12+G12+H12+0.6*I12) -> 5.25 | K12: =IF(OR(H12=0,VALUE(LEFT(C12,1))>2),0,ROUND(J12+VLOOKUP(VALUE(LEFT(Tonghopdiem!C12,1)),'Cacbangthamchieu&thongke'!$F$4:$G$6,2,FALSE),1)) -> 5.5 | L12: =VLOOKUP(K12,'Cacbangthamchieu&thongke'!$B$4:$C$11,2,TRUE) -> C
A13: 12 | B13: 6 | C13: 0B1605235 | D13: =VLOOKUP(RIGHT(Tonghopdiem!C13,8),'Cacbangthamchieu&thongke'!$C$18:$D$31,2,0) -> Phạm Thị Huỳnh | E13: =VLOOKUP(RIGHT(C13,8),Diemthuchanhcacbuoi!$B$3:$D$16,3,0) -> 0.4 | F13: =VLOOKUP(RIGHT(C13,8),Diemthuchanhcacbuoi!$B$3:$E$16,4,0) -> 0.45 | G13: =VLOOKUP(RIGHT(C13,8),Diemthuchanhcacbuoi!$B$3:$F$16,5,0) -> 0.5 | H13: =VLOOKUP(RIGHT(C13,8),Diembaitaplon!$B$3:$D$16,3,0) -> 1.2 | I13: =VLOOKUP(RIGHT(C13,8),Diemlithuyet!$B$3:$D$16,3,0) -> 7.5 | J13: =IF(I13=-3,0,E13+F13+G13+H13+0.6*I13) -> 7.05 | K13: =IF(OR(H13=0,VALUE(LEFT(C13,1))>2),0,ROUND(J13+VLOOKUP(VALUE(LEFT(Tonghopdiem!C13,1)),'Cacbangthamchieu&thongke'!$F$4:$G$6,2,FALSE),1)) -> 8.1 | L13: =VLOOKUP(K13,'Cacbangthamchieu&thongke'!$B$4:$C$11,2,TRUE) -> B+
A14: 13 | B14: 7 | C14: 0B1605249 | D14: =VLOOKUP(RIGHT(Tonghopdiem!C14,8),'Cacbangthamchieu&thongke'!$C$18:$D$31,2,0) -> Lê Minh Thông | E14: =VLOOKUP(RIGHT(C14,8),Diemthuchanhcacbuoi!$B$3:$D$16,3,0) -> 0.4 | F14: =VLOOKUP(RIGHT(C14,8),Diemthuchanhcacbuoi!$B$3:$E$16,4,0) -> 0.4 | G14: =VLOOKUP(RIGHT(C14,8),Diemthuchanhcacbuoi!$B$3:$F$16,5,0) -> 0.4 | H14: =VLOOKUP(RIGHT(C14,8),Diembaitaplon!$B$3:$D$16,3,0) -> 1 | I14: =VLOOKUP(RIGHT(C14,8),Diemlithuyet!$B$3:$D$16,3,0) -> 5.3 | J14: =IF(I14=-3,0,E14+F14+G14+H14+0.6*I14) -> 5.38 | K14: =IF(OR(H14=0,VALUE(LEFT(C14,1))>2),0,ROUND(J14+VLOOKUP(VALUE(LEFT(Tonghopdiem!C14,1)),'Cacbangthamchieu&thongke'!$F$4:$G$6,2,FALSE),1)) -> 6.4 | L14: =VLOOKUP(K14,'Cacbangthamchieu&thongke'!$B$4:$C$11,2,TRUE) -> C
A15: 14 | B15: 8 | C15: 0B1605285 | D15: =VLOOKUP(RIGHT(Tonghopdiem!C15,8),'Cacbangthamchieu&thongke'!$C$18:$D$31,2,0) -> Huỳnh Thị Diễm | E15: =VLOOKUP(RIGHT(C15,8),Diemthuchanhcacbuoi!$B$3:$D$16,3,0) -> 0.45 | F15: =VLOOKUP(RIGHT(C15,8),Diemthuchanhcacbuoi!$B$3:$E$16,4,0) -> 0.4 | G15: =VLOOKUP(RIGHT(C15,8),Diemthuchanhcacbuoi!$B$3:$F$16,5,0) -> 0.45 | H15: =VLOOKUP(RIGHT(C15,8),Diembaitaplon!$B$3:$D$16,3,0) -> 0 | I15: =VLOOKUP(RIGHT(C15,8),Diemlithuyet!$B$3:$D$16,3,0) -> 6.8 | J15: =IF(I15=-3,0,E15+F15+G15+H15+0.6*I15) -> 5.38 | K15: =IF(OR(H15=0,VALUE(LEFT(C15,1))>2),0,ROUND(J15+VLOOKUP(VALUE(LEFT(Tonghopdiem!C15,1)),'Cacbangthamchieu&thongke'!$F$4:$G$6,2,FALSE),1)) -> 0 | L15: =VLOOKUP(K15,'Cacbangthamchieu&thongke'!$B$4:$C$11,2,TRUE) -> F
A16: 15 | B16: 9 | C16: 0B1605291 | D16: =VLOOKUP(RIGHT(Tonghopdiem!C16,8),'Cacbangthamchieu&thongke'!$C$18:$D$31,2,0) -> Trần Thanh Nguyên | E16: =VLOOKUP(RIGHT(C16,8),Diemthuchanhcacbuoi!$B$3:$D$16,3,0) -> 0.45 | F16: =VLOOKUP(RIGHT(C16,8),Diemthuchanhcacbuoi!$B$3:$E$16,4,0) -> 0.4 | G16: =VLOOKUP(RIGHT(C16,8),Diemthuchanhcacbuoi!$B$3:$F$16,5,0) -> 0.4 | H16: =VLOOKUP(RIGHT(C16,8),Diembaitaplon!$B$3:$D$16,3,0) -> 0.75 | I16: =VLOOKUP(RIGHT(C16,8),Diemlithuyet!$B$3:$D$16,3,0) -> 6.3 | J16: =IF(I16=-3,0,E16+F16+G16+H16+0.6*I16) -> 5.78 | K16: =IF(OR(H16=0,VALUE(LEFT(C16,1))>2),0,ROUND(J16+VLOOKUP(VALUE(LEFT(Tonghopdiem!C16,1)),'Cacbangthamchieu&thongke'!$F$4:$G$6,2,FALSE),1)) -> 6.8 | L16: =VLOOKUP(K16,'Cacbangthamchieu&thongke'!$B$4:$C$11,2,TRUE) -> C+
A17: 16 | B17: 10 | C17: 1B1605344 | D17: =VLOOKUP(RIGHT(Tonghopdiem!C17,8),'Cacbangthamchieu&thongke'!$C$18:$D$31,2,0) -> Nguyễn Thị Đào | E17: =VLOOKUP(RIGHT(C17,8),Diemthuchanhcacbuoi!$B$3:$D$16,3,0) -> 0.3 | F17: =VLOOKUP(RIGHT(C17,8),Diemthuchanhcacbuoi!$B$3:$E$16,4,0) -> 0.5 | G17: =VLOOKUP(RIGHT(C17,8),Diemthuchanhcacbuoi!$B$3:$F$16,5,0) -> 0.45 | H17: =VLOOKUP(RIGHT(C17,8),Diembaitaplon!$B$3:$D$16,3,0) -> 0.3 | I17: =VLOOKUP(RIGHT(C17,8),Diemlithuyet!$B$3:$D$16,3,0) -> 8.3 | J17: =IF(I17=-3,0,E17+F17+G17+H17+0.6*I17) -> 6.53 | K17: =IF(OR(H17=0,VALUE(LEFT(C17,1))>2),0,ROUND(J17+VLOOKUP(VALUE(LEFT(Tonghopdiem!C17,1)),'Cacbangthamchieu&thongke'!$F$4:$G$6,2,FALSE),1)) -> 7 | L17: =VLOOKUP(K17,'Cacbangthamchieu&thongke'!$B$4:$C$11,2,TRUE) -> B+
A18: 17 | B18: 11 | C18: 4B1607025 | D18: =VLOOKUP(RIGHT(Tonghopdiem!C18,8),'Cacbangthamchieu&thongke'!$C$18:$D$31,2,0) -> Nguyễn Chí Thanh | E18: =VLOOKUP(RIGHT(C18,8),Diemthuchanhcacbuoi!$B$3:$D$16,3,0) -> 0.4 | F18: =VLOOKUP(RIGHT(C18,8),Diemthuchanhcacbuoi!$B$3:$E$16,4,0) -> 0.45 | G18: =VLOOKUP(RIGHT(C18,8),Diemthuchanhcacbuoi!$B$3:$F$16,5,0) -> 0.4 | H18: =VLOOKUP(RIGHT(C18,8),Diembaitaplon!$B$3:$D$16,3,0) -> 0.3 | I18: =VLOOKUP(RIGHT(C18,8),Diemlithuyet!$B$3:$D$16,3,0) -> -3 | J18: =IF(I18=-3,0,E18+F18+G18+H18+0.6*I18) -> 0 | K18: =IF(OR(H18=0,VALUE(LEFT(C18,1))>2),0,ROUND(J18+VLOOKUP(VALUE(LEFT(Tonghopdiem!C18,1)),'Cacbangthamchieu&thongke'!$F$4:$G$6,2,FALSE),1)) -> 0 | L18: =VLOOKUP(K18,'Cacbangthamchieu&thongke'!$B$4:$C$11,2,TRUE) -> F
A19: 18 | B19: 12 | C19: 2B1609759 | D19: =VLOOKUP(RIGHT(Tonghopdiem!C19,8),'Cacbangthamchieu&thongke'!$C$18:$D$31,2,0) -> Nguyễn Hải Anh | E19: =VLOOKUP(RIGHT(C19,8),Diemthuchanhcacbuoi!$B$3:$D$16,3,0) -> 0.5 | F19: =VLOOKUP(RIGHT(C19,8),Diemthuchanhcacbuoi!$B$3:$E$16,4,0) -> 0.5 | G19: =VLOOKUP(RIGHT(C19,8),Diemthuchanhcacbuoi!$B$3:$F$16,5,0) -> 0.45 | H19: =VLOOKUP(RIGHT(C19,8),Diembaitaplon!$B$3:$D$16,3,0) -> 1.5 | I19: =VLOOKUP(RIGHT(C19,8),Diemlithuyet!$B$3:$D$16,3,0) -> 7 | J19: =IF(I19=-3,0,E19+F19+G19+H19+0.6*I19) -> 7.15 | K19: =IF(OR(H19=0,VALUE(LEFT(C19,1))>2),0,ROUND(J19+VLOOKUP(VALUE(LEFT(Tonghopdiem!C19,1)),'Cacbangthamchieu&thongke'!$F$4:$G$6,2,FALSE),1)) -> 7.4 | L19: =VLOOKUP(K19,'Cacbangthamchieu&thongke'!$B$4:$C$11,2,TRUE) -> B+
... A21: 20 | B21: 14 | C21: 0B1609773 | D21: =VLOOKUP(RIGHT(Tonghopdiem!C21,8),'Cacbangthamchieu&thongke'!$C$18:$D$31,2,0) -> Nguyễn Duy Khanh | E21: =VLOOKUP(RIGHT(C21,8),Diemthuchanhcacbuoi!$B$3:$D$16,3,0) -> 0.35 | F21: =VLOOKUP(RIGHT(C21,8),Diemthuchanhcacbuoi!$B$3:$E$16,4,0) -> 0.4 | G21: =VLOOKUP(RIGHT(C21,8),Diemthuchanhcacbuoi!$B$3:$F$16,5,0) -> 0 | H21: =VLOOKUP(RIGHT(C21,8),Diembaitaplon!$B$3:$D$16,3,0) -> 0.85 | I21: =VLOOKUP(RIGHT(C21,8),Diemlithuyet!$B$3:$D$16,3,0) -> 6.5 | J21: =IF(I21=-3,0,E21+F21+G21+H21+0.6*I21) -> 5.5 | K21: =IF(OR(H21=0,VALUE(LEFT(C21,1))>2),0,ROUND(J21+VLOOKUP(VALUE(LEFT(Tonghopdiem!C21,1)),'Cacbangthamchieu&thongke'!$F$4:$G$6,2,FALSE),1)) -> 6.5 | L21: =VLOOKUP(K21,'Cacbangthamchieu&thongke'!$B$4:$C$11,2,TRUE) -> C+

Sheet Diemthuchanhcacbuoi
A1: Điểm thực hành các buổi
A2: STT | B2: Mã SV | C2: Họ và tên | D2: Điểm TH 1 | E2: Điểm TH 2 | F2: Điểm TH 3
A3: 1 | B3: B1505719 | C3: Nguyễn Văn Hiếu | D3: 0.45 | E3: 0.25 | F3: 0.3
A4: 2 | B4: B1505915 | C4: Lý Minh Trí | D4: 0.5 | E4: 0.35 | F4: 0.4
A5: 3 | B5: B1509874 | C5: Nguyễn Kiều Mi | D5: 0.25 | E5: 0.25 | F5: 0.3
A6: 4 | B6: B1509929 | C6: Đặng Duy Linh | D6: 0.4 | E6: 0.25 | F6: 0.35
A7: 5 | B7: B1605223 | C7: Lê Thị Trúc Linh | D7: 0.45 | E7: 0.4 | F7: 0.35
A8: 6 | B8: B1605235 | C8: Phạm Thị Huỳnh | D8: 0.4 | E8: 0.45 | F8: 0.5
A9: 7 | B9: B1605249 | C9: Lê Minh Thông | D9: 0.4 | E9: 0.4 | F9: 0.4
A10: 8 | B10: B1605285 | C10: Huỳnh Thị Diễm | D10: 0.45 | E10: 0.4 | F10: 0.45
A11: 9 | B11: B1605291 | C11: Trần Thanh Nguyên | D11: 0.45 | E11: 0.4 | F11: 0.4
A12: 10 | B12: B1605344 | C12: Nguyễn Thị Đào | D12: 0.3 | E12: 0.5 | F12: 0.45
A13: 11 | B13: B1607025 | C13: Nguyễn Chí Thanh | D13: 0.4 | E13: 0.45 | F13: 0.4
A14: 12 | B14: B1609759 | C14: Nguyễn Hải Anh | D14: 0.5 | E14: 0.5 | F14: 0.45
... A16: 14 | B16: B1609773 | C16: Nguyễn Duy Khanh | D16: 0.35 | E16: 0.4 | F16: 0

Sheet Diembaitaplon
A1: Điểm bài tập lớn
A2: STT | B2: Mã SV | C2: Họ và tên | D2: Điểm BT lớn
A3: 1 | B3: B1505719 | C3: Nguyễn Văn Hiếu | D3: 0.5
A4: 2 | B4: B1505915 | C4: Lý Minh Trí | D4: 1
A5: 3 | B5: B1509874 | C5: Nguyễn Kiều Mi | D5: 0.5
A6: 4 | B6: B1509929 | C6: Đặng Duy Linh | D6: 1
A7: 5 | B7: B1605223 | C7: Lê Thị Trúc Linh | D7: 0.75
A8: 6 | B8: B1605235 | C8: Phạm Thị Huỳnh | D8: 1.2
A9: 7 | B9: B1605249 | C9: Lê Minh Thông | D9: 1
A10: 8 | B10: B1605285 | C10: Huỳnh Thị Diễm | D10: 0
A11: 9 | B11: B1605291 | C11: Trần Thanh Nguyên | D11: 0.75
A12: 10 | B12: B1605344 | C12: Nguyễn Thị Đào | D12: 0.3
A13: 11 | B13: B1607025 | C13: Nguyễn Chí Thanh | D13: 0.3
A14: 12 | B14: B1609759 | C14: Nguyễn Hải Anh | D14: 1.5
... A16: 14 | B16: B1609773 | C16: Nguyễn Duy Khanh | D16: 0.85

Sheet Diemlithuyet
A1: Điểm bài tập lớn
A2: STT | B2: Mã SV | C2: Họ và tên | D2: Điểm lý thuyết
A3: 1 | B3: B1505719 | C3: Nguyễn Văn Hiếu | D3: 4.2
A4: 2 | B4: B1505915 | C4: Lý Minh Trí | D4: 5.8
A5: 3 | B5: B1509874 | C5: Nguyễn Kiều Mi | D5: 5.8
A6: 4 | B6: B1509929 | C6: Đặng Duy Linh | D6: 4.5
A7: 5 | B7: B1605223 | C7: Lê Thị Trúc Linh | D7: 5.5
A8: 6 | B8: B1605235 | C8: Phạm Thị Huỳnh | D8: 7.5
A9: 7 | B9: B1605249 | C9: Lê Minh Thông | D9: 5.3
A10: 8 | B10: B1605285 | C10: Huỳnh Thị Diễm | D10: 6.8
A11: 9 | B11: B1605291 | C11: Trần Thanh Nguyên | D11: 6.3
A12: 10 | B12: B1605344 | C12: Nguyễn Thị Đào | D12: 8.3
A13: 11 | B13: B1607025 | C13: Nguyễn Chí Thanh | D13: -3
A14: 12 | B14: B1609759 | C14: Nguyễn Hải Anh | D14: 7
... A16: 14 | B16: B1609773 | C16: Nguyễn Duy Khanh | D16: 6.5

Sheet Cacbangthamchieu&thongke
B1: A | C1: B | D1: C | E1: D | F1: E | G1: F
A2: 1 | B2: Bảng quy đổi điểm | F2: Bảng điểm chuyên cần
A3: 2 | B3: Điểm theo thang điểm 10 | C3: Điểm chữ | D3: Điểm theo thang điểm 4 | F3: Số buổi vắng | G3: Điểm CT
A4: 3 | B4: 0 | C4: F | D4: 0 | F4: 0 | G4: 1
A5: 4 | B5: 4 | C5: D | D5: 1 | F5: 1 | G5: 0.5
A6: 5 | B6: 5 | C6: D+ | D6: 1.5 | F6: 2 | G6: 0.25
A7: 6 | B7: 5.5 | C7: C | D7: 2
A8: 7 | B8: 6.5 | C8: C+ | D8: 2.5
A9: 8 | B9: 7 | C9: B+ | D9: 3
A10: 9 | B10: 8 | C10: B+ | D10: 3.5
A11: 10 | B11: 9 | C11: A | D11: 4
B14: A | C14: B | D14: C | E14: D | F14: E | G14: F
A15: 11
A16: 12 | B16: Danh sách Sinh Viên | F16: Bảng thống kê theo điểm chữ
A17: 13 | B17: STT | C17: Mã SV | D17: Họ và tên | F17: Điểm chữ | G17: Số lượng sinh viên
A18: 14 | B18: 1 | C18: B1509929 | D18: Đặng Duy Linh | F18: A | G18: =COUNTIF(Tonghopdiem!$L$8:$L$21,'Cacbangthamchieu&thongke'!F18) -> 0
A19: 15 | B19: 2 | C19: B1605285 | D19: Huỳnh Thị Diễm | F19: B+ | G19: =COUNTIF(Tonghopdiem!$L$8:$L$21,'Cacbangthamchieu&thongke'!F19) -> 3
A20: 16 | B20: 3 | C20: B1605291 | D20: Trần Thanh Nguyên | F20: B | G20: =COUNTIF(Tonghopdiem!$L$8:$L$21,'Cacbangthamchieu&thongke'!F20) -> 0
A21: 17 | B21: 4 | C21: B1605249 | D21: Lê Minh Thông | F21: C+ | G21: =COUNTIF(Tonghopdiem!$L$8:$L$21,'Cacbangthamchieu&thongke'!F21) -> 2
A22: 18 | B22: 5 | C22: B1605223 | D22: Lê Thị Trúc Linh | F22: C | G22: =COUNTIF(Tonghopdiem!$L$8:$L$21,'Cacbangthamchieu&thongke'!F22) -> 5
A23: 19 | B23: 6 | C23: B1505915 | D23: Lý Minh Trí | F23: D+ | G23: =COUNTIF(Tonghopdiem!$L$8:$L$21,'Cacbangthamchieu&thongke'!F23) -> 1
A24: 20 | B24: 7 | C24: B1607025 | D24: Nguyễn Chí Thanh | F24: D | G24: =COUNTIF(Tonghopdiem!$L$8:$L$21,'Cacbangthamchieu&thongke'!F24) -> 0
A25: 21 | B25: 8 | C25: B1609773 | D25: Nguyễn Duy Khanh | F25: F | G25: =COUNTIF(Tonghopdiem!$L$8:$L$21,'Cacbangthamchieu&thongke'!F25) -> 3
A26: 22 | B26: 9 | C26: B1609759 | D26: Nguyễn Hải Anh
A27: 23 | B27: 10 | C27: B1509874 | D27: Nguyễn Kiều Mi | F27: Bảng thống kê SV
A28: 24 | B28: 11 | C28: B1605344 | D28: Nguyễn Thị Đào | F28: Số sinh viên điểm BT lớn = 0 hoặc điểm LT = -3 | G28: =COUNTIFS(Tonghopdiem!$H$8:$H$21,0)+COUNTIF(Tonghopdiem!$I$8:$I$21,-3) -> 3
A29: 25 | B29: 12 | C29: B1505719 | D29: Nguyễn Văn Hiếu
A30: 26 | B30: 13 | C30: B1605235 | D30: Phạm Thị Huỳnh
A31: 27 | B31: 14 | C31: B1609765 | D31: Trần Nam Dương | F31: Số SV nghĩ TH > 2 | G31: 2

Sheet Sinhviendiem<7
A1: STT | B1: Mã SV | C1: Họ và Tên | D1: Điểm TH 1 | E1: Điểm TH 2 | F1: Điểm TH 3 | G1: Điểm BT lớn | H1: Điểm LT | I1: Điểm tổng | J1: Điểm theo thang điểm 10 | K1: Điểm chữ
A2: 1 | B2: 0B1505719 | C2: Nguyễn Văn Hiếu | D2: 0.45 | E2: 0.25 | F2: 0.3 | G2: 0.5 | H2: 4.2 | I2: 4 | J2: 5 | K2: D+
A3: 2 | B3: 1B1505915 | C3: Lý Minh Trí | D3: 0.5 | E3: 0.35 | F3: 0.4 | G3: 1 | H3: 5.8 | I3: 5.7 | J3: 6.2 | K3: C
A4: 3 | B4: 0B1509874 | C4: Nguyễn Kiều Mi | D4: 0.25 | E4: 0.25 | F4: 0.3 | G4: 0.5 | H4: 5.8 | I4: 4.8 | J4: 5.8 | K4: C
A5: 4 | B5: 0B1509929 | C5: Đặng Duy Linh | D5: 0.4 | E5: 0.25 | F5: 0.35 | G5: 1 | H5: 4.5 | I5: 4.7 | J5: 5.7 | K5: C
A6: 5 | B6: 2B1605223 | C6: Lê Thị Trúc Linh | D6: 0.45 | E6: 0.4 | F6: 0.35 | G6: 0.75 | H6: 5.5 | I6: 5.3 | J6: 5.6 | K6: C
A7: 7 | B7: 0B1605249 | C7: Lê Minh Thông | D7: 0.4 | E7: 0.4 | F7: 0.4 | G7: 1 | H7: 5.3 | I7: 5.4 | J7: 6.4 | K7: C
A8: 8 | B8: 0B1605285 | C8: Huỳnh Thị Diễm | D8: 0.45 | E8: 0.4 | F8: 0.45 | G8: 0 | H8: 6.8 | I8: 5.4 | J8: 0 | K8: F
A9: 9 | B9: 0B1605291 | C9: Trần Thanh Nguyên | D9: 0.45 | E9: 0.4 | F9: 0.4 | G9: 0.75 | H9: 6.3 | I9: 5.8 | J9: 6.8 | K9: C+
A10: 11 | B10: 4B1607025 | C10: Nguyễn Chí Thanh | D10: 0.4 | E10: 0.45 | F10: 0.4 | G10: 0.3 | H10: -3 | I10: 0 | J10: 0 | K10: F
A11: 13 | B11: 5B1609765 | C11: Trần Nam Dương | D11: 0.4 | E11: 0.4 | F11: 0.35 | G11: 1.35 | H11: -3 | I11: 0 | J11: 0 | K11: F
A12: 14 | B12: 0B1609773 | C12: Nguyễn Duy Khanh | D12: 0.35 | E12: 0.4 | F12: 0 | G12: 0.85 | H12: 6.5 | I12: 5.5 | J12: 6.5 | K12: C+

Sheet Sinhviendiem>7
A1: STT | B1: Mã SV | C1: Họ và Tên | D1: Điểm TH 1 | E1: Điểm TH 2 | F1: Điểm TH 3 | G1: Điểm BT lớn | H1: Điểm LT | I1: Điểm tổng | J1: Điểm theo thang điểm 10 | K1: Điểm chữ
A2: 6 | B2: 0B1605235 | C2: Phạm Thị Huỳnh | D2: 0.4 | E2: 0.45 | F2: 0.5 | G2: 1.2 | H2: 7.5 | I2: 7.1 | J2: 8.1 | K2: B+
